pass,epoch,elapsed_days,a_km,e,period_h,apogee_km,perigee_alt_km,fuel_kg,dv_pass_m_s,burn_s,duty,power_w,regime,schedule,matches_top_k,gain_pred_km,gain_meas_km,slot_burn_fraction_min,x_km,y_km,z_km,vx_km_s,vy_km_s,vz_km_s
1,08 Jan 2026 00:01:50.013,1.001,42524.4,0.832468,24.242,77924.5,746.1,3.447030,5.978,2572.2,0.03000,14.80,cardinality,0000110000,True,985.49,992.45,0.000,-77924.443242,-8.028296,-127.797873,0.001029723,-0.719334399,-0.582682462
2,09 Jan 2026 00:29:55.684,2.021,43049.1,0.834568,24.692,78976.6,743.6,3.438402,6.175,2618.1,0.03000,14.80,cardinality,0000110000,True,1038.90,1046.57,-0.000,-78976.115903,-21.868632,-262.977087,0.002111976,-0.709976937,-0.575219173
3,10 Jan 2026 01:25:52.960,3.060,43603.5,0.836628,25.170,80083.4,745.5,3.429469,6.397,2666.7,0.03000,14.80,cardinality,0000110000,True,1098.45,1106.95,-0.000,-80082.370834,-37.451543,-402.558445,0.003181307,-0.700625489,-0.567686861
4,11 Jan 2026 02:51:26.419,4.119,44189.0,0.838664,25.679,81248.8,751.1,3.420232,6.618,2718.4,0.03000,14.80,cardinality,0000110000,True,1162.36,1170.42,0.005,-81246.922449,-50.635524,-543.435034,0.004176882,-0.691240511,-0.560062321
5,12 Jan 2026 04:48:17.773,5.200,44801.1,0.840692,26.214,82465.0,759.0,3.410808,6.756,2773.3,0.03000,14.81,cardinality,0000110000,True,1215.60,1224.30,0.044,-82462.186838,-57.033042,-682.366321,0.005042384,-0.681826547,-0.552370946
6,13 Jan 2026 07:18:07.498,6.304,45442.2,0.842760,26.779,83739.1,767.2,3.401188,6.901,2831.2,0.03000,14.80,cardinality,0000110000,True,1272.98,1282.38,0.085,-83735.084484,-55.480633,-819.278188,0.005773208,-0.672250303,-0.544531990
7,14 Jan 2026 10:22:46.611,7.432,46115.2,0.844915,27.376,85078.6,773.7,3.391361,7.053,2892.2,0.03000,14.80,cardinality,0000110000,True,1335.09,1345.28,0.127,-85073.226678,-45.942676,-954.936684,0.006379510,-0.662380961,-0.536469001
8,15 Jan 2026 14:04:17.475,8.586,46822.7,0.847194,28.009,86490.6,776.7,3.381315,7.215,2956.6,0.03000,14.80,cardinality,0000110000,True,1402.60,1413.68,0.157,-86483.763116,-29.868516,-1090.701265,0.006885834,-0.652113218,-0.528132887
9,16 Jan 2026 18:24:54.600,9.767,47567.9,0.849618,28.680,87982.5,775.2,3.371037,7.386,3024.9,0.03000,14.81,cardinality,0000110000,True,1476.26,1488.34,0.144,-87973.934107,-12.126313,-1229.864461,0.007350822,-0.641383153,-0.519490692
10,17 Jan 2026 23:27:07.358,10.977,48355.1,0.852193,29.395,89563.0,769.1,3.360512,7.568,3097.4,0.03000,14.80,cardinality,0000110000,True,1556.90,1570.13,0.132,-89552.416993,3.146841,-1376.676569,0.007825959,-0.630178367,-0.510516840
11,19 Jan 2026 05:13:40.451,12.218,49187.4,0.854897,30.157,91237.6,759.1,3.349725,7.762,3174.6,0.03000,14.81,cardinality,0000110000,True,1645.39,1659.92,0.121,-91224.666480,13.129498,-1533.260927,0.008335943,-0.618543287,-0.501261590
12,20 Jan 2026 11:47:35.562,13.491,50069.9,0.857695,30.972,93014.6,747.1,3.338658,7.968,3257.0,0.03000,14.80,cardinality,0000110000,True,1742.70,1758.73,0.110,-92998.912988,12.240473,-1705.581062,0.008938800,-0.606571762,-0.491752304
13,21 Jan 2026 19:12:13.505,14.800,51006.9,0.860533,31.846,94900.0,735.6,3.327292,8.189,3345.0,0.03000,14.80,cardinality,0000110000,True,1849.92,1867.66,0.096,-94881.094018,0.394984,-1893.786947,0.009619508,-0.594394615,-0.482073339
14,23 Jan 2026 03:31:16.286,16.147,52004.4,0.863360,32.784,96902.9,727.7,3.315605,8.426,3439.3,0.03000,14.80,cardinality,0000110000,True,1968.32,1988.03,0.079,-96880.162393,-20.891577,-2097.573418,0.010351012,-0.582149698,-0.472281762
15,24 Jan 2026 12:48:49.886,17.534,53067.9,0.866132,33.795,99031.7,726.0,3.303574,8.681,3540.7,0.03000,14.80,cardinality,0000110000,True,2099.39,2121.38,0.056,-99004.590091,-49.416191,-2315.239684,0.011098808,-0.569945865,-0.462443873
16,25 Jan 2026 23:09:26.693,18.965,54204.2,0.868837,34.887,101298.8,731.5,3.291172,8.955,3649.9,0.03000,14.80,cardinality,0000110000,True,2244.94,2269.59,0.026,-101266.942864,-76.119550,-2540.522130,0.011773126,-0.557811915,-0.452571585
17,27 Jan 2026 10:38:12.121,20.443,55421.8,0.871514,36.069,103722.6,742.8,3.278370,9.252,3767.7,0.03000,14.80,cardinality,0000110000,True,2407.41,2435.15,0.000,-103685.693910,-89.575860,-2765.755316,0.012277490,-0.545636992,-0.442600323
18,28 Jan 2026 23:20:54.296,21.973,56731.2,0.874280,37.354,106330.2,754.1,3.265134,9.572,3895.4,0.03000,14.80,cardinality,0000110000,True,2590.05,2621.45,-0.000,-106288.232753,-79.861957,-2986.056911,0.012546915,-0.533110464,-0.432347462
19,30 Jan 2026 13:24:19.701,23.559,58147.1,0.877325,38.762,109161.0,755.1,3.251426,9.922,4034.3,0.03000,14.80,cardinality,0000110000,True,2797.29,2833.08,-0.000,-109114.056486,-44.431339,-3202.045841,0.012581591,-0.519717947,-0.421523214
20,01 Feb 2026 04:56:36.313,25.206,59689.5,0.880841,40.314,112266.4,734.4,3.237202,10.305,4186.2,0.03000,14.80,cardinality,0000110000,True,3034.97,3076.08,-0.000,-112213.947968,-1.044411,-3431.898753,0.012538548,-0.504935531,-0.409823468
21,02 Feb 2026 22:07:30.755,26.922,61380.7,0.884801,42.039,115690.5,692.8,3.222408,10.727,4353.9,0.03000,14.80,cardinality,0000110000,True,3310.01,3357.68,0.098,-115630.856882,2.145335,-3714.178444,0.012751635,-0.488793904,-0.397269839
22,04 Feb 2026 17:08:19.096,28.714,63240.9,0.888787,43.965,119448.6,655.1,3.206981,11.196,4540.3,0.03000,14.80,cardinality,0000110000,True,3630.03,3685.84,0.199,-119378.855992,-79.651269,-4081.760280,0.013459414,-0.472388620,-0.384428042
23,06 Feb 2026 14:11:24.012,30.591,65281.6,0.892329,46.110,123534.2,650.8,3.190847,11.721,4748.2,0.03000,14.81,cardinality,0000110000,True,4002.48,4068.38,0.347,-123451.809301,-208.907692,-4505.612798,0.014349809,-0.456983286,-0.371989911
24,08 Feb 2026 13:30:53.761,32.563,67533.5,0.895503,48.516,128009.8,678.9,3.173926,12.305,4979.9,0.03000,14.80,cardinality,0000110000,True,4436.85,4515.33,0.588,-127914.970179,-288.602096,-4919.169445,0.014836102,-0.442362553,-0.359835693
25,10 Feb 2026 15:24:21.371,34.642,70050.9,0.898857,51.254,133016.6,707.1,3.156122,12.961,5239.8,0.03000,14.80,cardinality,0000110000,True,4951.91,5046.44,0.583,-132910.621017,-282.355716,-5301.795224,0.014754831,-0.427036853,-0.347146087
26,12 Feb 2026 20:14:27.924,36.843,72899.9,0.902848,54.412,138717.3,704.3,3.137313,13.708,5535.4,0.03000,14.80,cardinality,0000110000,True,5577.19,5692.91,1.000,-138600.141304,-234.887647,-5695.844382,0.014388232,-0.409784835,-0.333217956
27,15 Feb 2026 04:30:15.743,39.188,76160.7,0.907548,58.104,145280.3,663.1,3.117345,14.571,5876.5,0.03000,14.80,cardinality,0000110000,True,6349.41,6493.81,1.000,-145149.185736,-217.364117,-6166.434285,0.014089727,-0.390388503,-0.317891324
28,17 Feb 2026 16:48:44.272,41.701,79938.1,0.912667,62.480,152895.0,603.1,3.096022,15.579,6275.2,0.03000,14.80,cardinality,0000110000,True,7317.49,7501.53,1.000,-152744.378674,-300.086337,-6779.100679,0.014107430,-0.369559013,-0.301504752
29,20 Feb 2026 09:57:05.001,44.415,84364.1,0.917665,67.740,161782.0,568.0,3.073094,16.775,6747.8,0.03000,14.80,cardinality,0000110000,True,8552.37,8792.61,1.000,-161604.181288,-508.093077,-7567.148177,0.014430745,-0.348645380,-0.284773653
30,23 Feb 2026 08:56:11.806,47.372,89619.1,0.922175,74.167,172263.6,596.5,3.048235,18.214,7315.9,0.03000,14.80,cardinality,0000110000,True,10164.37,10486.96,1.000,-172053.319449,-746.564087,-8476.800032,0.014638232,-0.328553735,-0.268175493
31,26 Feb 2026 15:08:22.128,50.631,95983.1,0.926871,82.205,184947.0,641.0,3.021018,19.975,8010.0,0.03000,14.81,cardinality,0000110000,True,12337.03,12785.60,1.000,-184707.570716,-781.963451,-9375.179066,0.014027763,-0.307486872,-0.250724861
32,02 Mar 2026 06:42:53.411,54.280,104056.9,0.934505,92.793,201298.6,437.1,2.990851,22.180,8878.2,0.03000,14.81,cardinality,0000110000,True,15401.83,16058.16,1.000,-201029.920932,-582.852569,-10380.802455,0.012596365,-0.278216452,-0.228314436
33,06 Mar 2026 11:05:43.742,58.462,114891.5,0.940272,107.656,222920.7,484.0,2.956799,25.087,10021.6,0.03000,14.80,cardinality,0000110000,True,19827.25,20829.00,1.000,-222524.938065,-2281.938346,-13080.663827,0.014745760,-0.252631418,-0.206779260
34,11 Mar 2026 09:16:56.292,63.387,129105.6,0.944738,128.241,251076.6,756.5,2.917292,29.172,11626.9,0.03000,14.80,cardinality,0000110000,True,27122.82,28818.08,1.000,-250624.267772,-2140.939080,-14911.149527,0.013043331,-0.229973215,-0.186210766
35,17 Mar 2026 10:55:40.989,69.455,151161.0,0.954319,162.468,295416.8,527.1,2.870231,34.845,13850.0,0.03000,14.80,cardinality,0000110000,True,39822.49,43209.67,1.000,-294827.246885,-2992.551990,-18412.598142,0.011724978,-0.192393279,-0.156474172
36,25 Mar 2026 14:01:12.613,77.584,188797.3,0.960790,226.779,370191.9,1024.5,2.810610,44.293,17546.6,0.03000,14.80,cardinality,0000110000,True,65788.74,73954.03,1.000,-369198.804316,-7261.341900,-26106.297104,0.012188181,-0.160484636,-0.127728882
